912797LJ4,MARKET BASED BILL,0.0,09/24/2024,,0.000000,99.987139,100.000000
912797KM8,MARKET BASED BILL,0.0,09/26/2024,,0.000000,99.962083,99.974833
912797LK1,MARKET BASED BILL,0.0,10/01/2024,,99.897556,99.896889,99.910750
912797GW1,MARKET BASED BILL,0.0,10/03/2024,,99.873611,99.873056,99.887500
912797LS4,MARKET BASED BILL,0.0,10/08/2024,,99.807500,99.806667,99.821111
912797KT3,MARKET BASED BILL,0.0,10/10/2024,,99.785847,99.784667,99.799111
912797LT2,MARKET BASED BILL,0.0,10/15/2024,,99.717972,99.716444,99.730500
912797KU0,MARKET BASED BILL,0.0,10/17/2024,,99.691000,99.689333,99.705472
912797LU9,MARKET BASED BILL,0.0,10/22/2024,,99.623403,99.623000,99.639111
912797KV8,MARKET BASED BILL,0.0,10/24/2024,,99.598292,99.596139,99.613333
912797LV7,MARKET BASED BILL,0.0,10/29/2024,,99.534500,99.532000,99.547917
912797HE0,MARKET BASED BILL,0.0,10/31/2024,,99.506000,99.504944,99.521056
912797MA2,MARKET BASED BILL,0.0,11/05/2024,,99.443389,99.441000,99.456333
912797LC9,MARKET BASED BILL,0.0,11/07/2024,,99.416250,99.413750,99.430444
912797MB0,MARKET BASED BILL,0.0,11/12/2024,,99.354861,99.352778,99.367083
912797LD7,MARKET BASED BILL,0.0,11/14/2024,,99.329056,99.326889,99.341250
912797MC8,MARKET BASED BILL,0.0,11/19/2024,,99.261375,99.260583,99.276667
912797LE5,MARKET BASED BILL,0.0,11/21/2024,,99.246931,99.244472,99.262111
912797MD6,MARKET BASED BILL,0.0,11/26/2024,,99.184889,99.182222,99.202000
912797HP5,MARKET BASED BILL,0.0,11/29/2024,,99.148542,99.145750,99.164000
912797ME4,MARKET BASED BILL,0.0,12/03/2024,,99.106583,99.100667,99.119167
912797LF2,MARKET BASED BILL,0.0,12/05/2024,,99.075333,99.071278,99.094000
912797MN4,MARKET BASED BILL,0.0,12/10/2024,,99.017417,99.009833,99.028944
912797LP0,MARKET BASED BILL,0.0,12/12/2024,,98.990000,98.984444,99.008111
912797MP9,MARKET BASED BILL,0.0,12/17/2024,,98.926875,98.920972,98.943000
912797LQ8,MARKET BASED BILL,0.0,12/19/2024,,98.900417,98.898000,98.917833
912797MQ7,MARKET BASED BILL,0.0,12/24/2024,,98.835944,98.832111,98.852389
912796ZV4,MARKET BASED BILL,0.0,12/26/2024,,98.817167,98.811944,98.829750
912797MR5,MARKET BASED BILL,0.0,12/31/2024,,98.748750,98.746000,98.772278
912797LR6,MARKET BASED BILL,0.0,01/02/2025,,98.738903,98.734694,98.758333
912797MW4,MARKET BASED BILL,0.0,01/07/2025,,98.683833,98.677944,98.696250
912797LX3,MARKET BASED BILL,0.0,01/09/2025,,98.657500,98.653000,98.674389
912797MX2,MARKET BASED BILL,0.0,01/14/2025,,98.595347,98.593778,98.612444
912797LY1,MARKET BASED BILL,0.0,01/16/2025,,98.575278,98.572083,98.587667
912797JR9,MARKET BASED BILL,0.0,01/23/2025,,98.495333,98.491944,98.511028
912797LZ8,MARKET BASED BILL,0.0,01/30/2025,,98.414375,98.409000,98.432000
912797MJ3,MARKET BASED BILL,0.0,02/06/2025,,98.332111,98.326444,98.357500
912797MK0,MARKET BASED BILL,0.0,02/13/2025,,98.254208,98.248250,98.272333
912797KA4,MARKET BASED BILL,0.0,02/20/2025,,98.175000,98.166667,98.191306
912797ML8,MARKET BASED BILL,0.0,02/27/2025,,98.100736,98.094194,98.119333
912797MM6,MARKET BASED BILL,0.0,03/06/2025,,98.029722,98.027444,98.044000
912797MT1,MARKET BASED BILL,0.0,03/13/2025,,97.945625,97.943250,97.969444
912797KJ5,MARKET BASED BILL,0.0,03/20/2025,,97.866472,97.864000,97.890750
912797KS5,MARKET BASED BILL,0.0,04/17/2025,,97.734000,97.711111,97.733611
912797LB1,MARKET BASED BILL,0.0,05/15/2025,,97.429250,97.406500,97.417583
912797LN5,MARKET BASED BILL,0.0,06/12/2025,,97.172583,97.154389,97.187000
912797LW5,MARKET BASED BILL,0.0,07/10/2025,,96.898611,96.882500,96.925361
912797MG9,MARKET BASED BILL,0.0,08/07/2025,,96.616833,96.608000,96.636278
912797MH7,MARKET BASED BILL,0.0,09/04/2025,,96.357389,96.357389,96.377500
9128282Y5,MARKET BASED NOTE,0.02125,09/30/2024,,0.000000,99.937500,99.937500
912828YH7,MARKET BASED NOTE,0.015,09/30/2024,,0.000000,99.937500,99.937500
91282CFN6,MARKET BASED NOTE,0.0425,09/30/2024,,0.000000,99.968750,99.968750
91282CDB4,MARKET BASED NOTE,0.00625,10/15/2024,,0.000000,99.750000,99.750000
912828YM6,MARKET BASED NOTE,0.015,10/31/2024,,0.000000,99.656250,99.625000
9128283D0,MARKET BASED NOTE,0.0225,10/31/2024,,0.000000,99.718750,99.718750
91282CFQ9,MARKET BASED NOTE,0.04375,10/31/2024,,0.000000,99.906250,99.906250
912828G38,MARKET BASED NOTE,0.0225,11/15/2024,,0.000000,99.625000,99.625000
91282CDH1,MARKET BASED NOTE,0.0075,11/15/2024,,0.000000,99.437500,99.437500
912828YV6,MARKET BASED NOTE,0.015,11/30/2024,,0.000000,99.375000,99.406250
9128283J7,MARKET BASED NOTE,0.02125,11/30/2024,,0.000000,99.500000,99.500000
91282CFX4,MARKET BASED NOTE,0.045,11/30/2024,,0.000000,99.937500,99.937500
91282CDN8,MARKET BASED NOTE,0.01,12/15/2024,,0.000000,99.187500,99.187500
91282CGD7,MARKET BASED NOTE,0.0425,12/31/2024,,0.000000,99.843750,99.843750
9128283P3,MARKET BASED NOTE,0.0225,12/31/2024,,0.000000,99.343750,99.343750
912828YY0,MARKET BASED NOTE,0.0175,12/31/2024,,0.000000,99.187500,99.187500
91282CDS7,MARKET BASED NOTE,0.01125,01/15/2025,,0.000000,98.937500,98.937500
91282CGG0,MARKET BASED NOTE,0.04125,01/31/2025,,0.000000,99.843750,99.812500
912828Z52,MARKET BASED NOTE,0.01375,01/31/2025,,0.000000,98.875000,98.906250
9128283V0,MARKET BASED NOTE,0.025,01/31/2025,,0.000000,99.250000,99.250000
912828J27,MARKET BASED NOTE,0.02,02/15/2025,,0.000000,98.968750,98.968750
91282CDZ1,MARKET BASED NOTE,0.015,02/15/2025,,0.000000,98.781250,98.781250
91282CGN5,MARKET BASED NOTE,0.04625,02/28/2025,,0.000000,100.062500,100.062500
9128283Z1,MARKET BASED NOTE,0.0275,02/28/2025,,0.000000,99.250000,99.281250
912828ZC7,MARKET BASED NOTE,0.01125,02/28/2025,,0.000000,98.562500,98.562500
91282CED9,MARKET BASED NOTE,0.0175,03/15/2025,,0.000000,98.781250,98.781250
91282CGU9,MARKET BASED NOTE,0.03875,03/31/2025,,99.781250,99.750000,99.750000
912828ZF0,MARKET BASED NOTE,0.005,03/31/2025,,98.046875,98.031250,98.062500
9128284F4,MARKET BASED NOTE,0.02625,03/31/2025,,99.156250,99.125000,99.125000
91282CEH0,MARKET BASED NOTE,0.02625,04/15/2025,,99.109375,99.093750,99.093750
91282CGX3,MARKET BASED NOTE,0.03875,04/30/2025,,99.750000,99.718750,99.718750
9128284M9,MARKET BASED NOTE,0.02875,04/30/2025,,99.156250,99.125000,99.156250
912828ZL7,MARKET BASED NOTE,0.00375,04/30/2025,,97.703125,97.687500,97.687500
912828XB1,MARKET BASED NOTE,0.02125,05/15/2025,,98.671875,98.656250,98.687500
91282CEQ0,MARKET BASED NOTE,0.0275,05/15/2025,,99.062500,99.031250,99.062500
91282CHD6,MARKET BASED NOTE,0.0425,05/31/2025,,100.031250,100.000000,100.031250
9128284R8,MARKET BASED NOTE,0.02875,05/31/2025,,99.125000,99.093750,99.125000
912828ZT0,MARKET BASED NOTE,0.0025,05/31/2025,,97.359375,97.343750,97.343750
91282CEU1,MARKET BASED NOTE,0.02875,06/15/2025,,99.093750,99.062500,99.093750
91282CHL8,MARKET BASED NOTE,0.04625,06/30/2025,,100.375000,100.343750,100.375000
912828ZW3,MARKET BASED NOTE,0.0025,06/30/2025,,97.125000,97.093750,97.093750
912828XZ8,MARKET BASED NOTE,0.0275,06/30/2025,,99.031250,99.000000,99.000000
91282CEY3,MARKET BASED NOTE,0.03,07/15/2025,,99.187500,99.156250,99.156250
91282CHN4,MARKET BASED NOTE,0.0475,07/31/2025,,100.609375,100.593750,100.593750
912828Y79,MARKET BASED NOTE,0.02875,07/31/2025,,99.062500,99.031250,99.031250
91282CAB7,MARKET BASED NOTE,0.0025,07/31/2025,,96.875000,96.843750,96.875000
912828K74,MARKET BASED NOTE,0.02,08/15/2025,,98.281250,98.250000,98.250000
91282CFE6,MARKET BASED NOTE,0.03125,08/15/2025,,99.250000,99.218750,99.250000
91282CHV6,MARKET BASED NOTE,0.05,08/31/2025,,100.921875,100.906250,100.906250
9128284Z0,MARKET BASED NOTE,0.0275,08/31/2025,,98.875000,98.843750,98.875000
91282CAJ0,MARKET BASED NOTE,0.0025,08/31/2025,,96.609375,96.593750,96.593750
91282CFK2,MARKET BASED NOTE,0.035,09/15/2025,,99.593750,99.562500,99.562500
91282CJB8,MARKET BASED NOTE,0.05,09/30/2025,,101.062500,101.031250,101.062500
91282CAM3,MARKET BASED NOTE,0.0025,09/30/2025,,96.375000,96.343750,96.375000
9128285C0,MARKET BASED NOTE,0.03,09/30/2025,,99.093750,99.062500,99.093750
91282CFP1,MARKET BASED NOTE,0.0425,10/15/2025,,100.375000,100.343750,100.375000
91282CJE2,MARKET BASED NOTE,0.05,10/31/2025,,101.218750,101.187500,101.187500
9128285J5,MARKET BASED NOTE,0.03,10/31/2025,,99.062500,99.031250,99.062500
91282CAT8,MARKET BASED NOTE,0.0025,10/31/2025,,96.125000,96.093750,96.125000
912828M56,MARKET BASED NOTE,0.0225,11/15/2025,,98.250000,98.218750,98.218750
91282CFW6,MARKET BASED NOTE,0.045,11/15/2025,,100.734375,100.718750,100.718750
91282CJL6,MARKET BASED NOTE,0.04875,11/30/2025,,101.187500,101.156250,101.187500
9128285N6,MARKET BASED NOTE,0.02875,11/30/2025,,98.906250,98.875000,98.906250
91282CAZ4,MARKET BASED NOTE,0.00375,11/30/2025,,96.031250,96.000000,96.031250
91282CGA3,MARKET BASED NOTE,0.04,12/15/2025,,100.234375,100.218750,100.218750
91282CJS1,MARKET BASED NOTE,0.0425,12/31/2025,,100.546875,100.531250,100.562500
91282CBC4,MARKET BASED NOTE,0.00375,12/31/2025,,95.812500,95.781250,95.812500
9128285T3,MARKET BASED NOTE,0.02625,12/31/2025,,98.562500,98.531250,98.562500
91282CGE5,MARKET BASED NOTE,0.03875,01/15/2026,,100.156250,100.125000,100.156250
91282CJV4,MARKET BASED NOTE,0.0425,01/31/2026,,100.640625,100.625000,100.656250
9128286A3,MARKET BASED NOTE,0.02625,01/31/2026,,98.531250,98.500000,98.531250
91282CBH3,MARKET BASED NOTE,0.00375,01/31/2026,,95.593750,95.562500,95.593750
912828P46,MARKET BASED NOTE,0.01625,02/15/2026,,97.140625,97.125000,97.156250
91282CGL9,MARKET BASED NOTE,0.04,02/15/2026,,100.359375,100.343750,100.375000
91282CKB6,MARKET BASED NOTE,0.04625,02/28/2026,,101.234375,101.218750,101.250000
9128286F2,MARKET BASED NOTE,0.025,02/28/2026,,98.312500,98.281250,98.312500
91282CBQ3,MARKET BASED NOTE,0.005,02/28/2026,,95.531250,95.500000,95.562500
91282CGR6,MARKET BASED NOTE,0.04625,03/15/2026,,101.296875,101.281250,101.312500
91282CKH3,MARKET BASED NOTE,0.045,03/31/2026,,101.171875,101.156250,101.187500
91282CBT7,MARKET BASED NOTE,0.0075,03/31/2026,,95.703125,95.687500,95.718750
9128286L9,MARKET BASED NOTE,0.0225,03/31/2026,,97.875000,97.843750,97.875000
91282CGV7,MARKET BASED NOTE,0.0375,04/15/2026,,100.109375,100.093750,100.125000
91282CKK6,MARKET BASED NOTE,0.04875,04/30/2026,,101.828125,101.812500,101.875000
9128286S4,MARKET BASED NOTE,0.02375,04/30/2026,,97.984375,97.968750,98.000000
91282CBW0,MARKET BASED NOTE,0.0075,04/30/2026,,95.484375,95.468750,95.500000
912828R36,MARKET BASED NOTE,0.01625,05/15/2026,,96.765625,96.750000,96.781250
91282CHB0,MARKET BASED NOTE,0.03625,05/15/2026,,99.921875,99.906250,99.937500
91282CKS9,MARKET BASED NOTE,0.04875,05/31/2026,,101.953125,101.937500,102.000000
9128286X3,MARKET BASED NOTE,0.02125,05/31/2026,,97.515625,97.500000,97.531250
91282CCF6,MARKET BASED NOTE,0.0075,05/31/2026,,95.296875,95.281250,95.312500
91282CHH7,MARKET BASED NOTE,0.04125,06/15/2026,,100.796875,100.781250,100.812500
91282CKY6,MARKET BASED NOTE,0.04625,06/30/2026,,101.656250,101.656250,101.687500
91282CCJ8,MARKET BASED NOTE,0.00875,06/30/2026,,95.312500,95.281250,95.343750
9128287B0,MARKET BASED NOTE,0.01875,06/30/2026,,97.000000,96.968750,97.031250
91282CHM6,MARKET BASED NOTE,0.045,07/15/2026,,101.500000,101.468750,101.531250
91282CLB5,MARKET BASED NOTE,0.04375,07/31/2026,,101.328125,101.312500,101.375000
912828Y95,MARKET BASED NOTE,0.01875,07/31/2026,,96.890625,96.875000,96.937500
91282CCP4,MARKET BASED NOTE,0.00625,07/31/2026,,94.687500,94.656250,94.718750
9128282A7,MARKET BASED NOTE,0.015,08/15/2026,,96.171875,96.156250,96.187500
91282CHU8,MARKET BASED NOTE,0.04375,08/15/2026,,101.390625,101.375000,101.406250
91282CLH2,MARKET BASED NOTE,0.0375,08/31/2026,,100.250000,100.250000,100.312500
912828YD6,MARKET BASED NOTE,0.01375,08/31/2026,,95.890625,95.875000,95.906250
91282CCW9,MARKET BASED NOTE,0.0075,08/31/2026,,94.718750,94.687500,94.750000
91282CHY0,MARKET BASED NOTE,0.04625,09/15/2026,,101.937500,101.937500,101.968750
91282CCZ2,MARKET BASED NOTE,0.00875,09/30/2026,,94.796875,94.781250,94.812500
912828YG9,MARKET BASED NOTE,0.01625,09/30/2026,,96.234375,96.218750,96.281250
91282CJC6,MARKET BASED NOTE,0.04625,10/15/2026,,102.031250,102.000000,102.062500
91282CDG3,MARKET BASED NOTE,0.01125,10/31/2026,,95.062500,95.031250,95.093750
912828YQ7,MARKET BASED NOTE,0.01625,10/31/2026,,96.062500,96.031250,96.093750
912828U24,MARKET BASED NOTE,0.02,11/15/2026,,96.765625,96.718750,96.781250
91282CJK8,MARKET BASED NOTE,0.04625,11/15/2026,,102.140625,102.125000,102.187500
912828YU8,MARKET BASED NOTE,0.01625,11/30/2026,,95.937500,95.906250,95.968750
91282CDK4,MARKET BASED NOTE,0.0125,11/30/2026,,95.171875,95.156250,95.218750
91282CJP7,MARKET BASED NOTE,0.04375,12/15/2026,,101.718750,101.687500,101.750000
91282CDQ1,MARKET BASED NOTE,0.0125,12/31/2026,,95.046875,95.031250,95.093750
912828YX2,MARKET BASED NOTE,0.0175,12/31/2026,,96.109375,96.093750,96.156250
91282CJT9,MARKET BASED NOTE,0.04,01/15/2027,,100.953125,100.937500,101.000000
912828Z78,MARKET BASED NOTE,0.015,01/31/2027,,95.406250,95.375000,95.437500
912828V98,MARKET BASED NOTE,0.0225,02/15/2027,,97.031250,97.000000,97.062500
91282CKA8,MARKET BASED NOTE,0.04125,02/15/2027,,101.296875,101.281250,101.343750
91282CEC1,MARKET BASED NOTE,0.01875,02/28/2027,,96.140625,96.125000,96.187500
912828ZB9,MARKET BASED NOTE,0.01125,02/28/2027,,94.406250,94.375000,94.437500
91282CKE0,MARKET BASED NOTE,0.0425,03/15/2027,,101.703125,101.687500,101.750000
91282CEF4,MARKET BASED NOTE,0.025,03/31/2027,,97.562500,97.531250,97.593750
912828ZE3,MARKET BASED NOTE,0.00625,03/31/2027,,93.046875,93.031250,93.093750
91282CKJ9,MARKET BASED NOTE,0.045,04/15/2027,,102.328125,102.312500,102.375000
91282CEN7,MARKET BASED NOTE,0.0275,04/30/2027,,98.078125,98.062500,98.125000
912828ZN3,MARKET BASED NOTE,0.005,04/30/2027,,92.546875,92.531250,92.562500
912828X88,MARKET BASED NOTE,0.02375,05/15/2027,,97.078125,97.031250,97.093750
91282CKR1,MARKET BASED NOTE,0.045,05/15/2027,,102.406250,102.406250,102.468750
91282CET4,MARKET BASED NOTE,0.02625,05/31/2027,,97.703125,97.687500,97.750000
912828ZS2,MARKET BASED NOTE,0.005,05/31/2027,,92.296875,92.281250,92.343750
91282CKV2,MARKET BASED NOTE,0.04625,06/15/2027,,102.859375,102.843750,102.906250
91282CEW7,MARKET BASED NOTE,0.0325,06/30/2027,,99.296875,99.281250,99.375000
912828ZV5,MARKET BASED NOTE,0.005,06/30/2027,,92.093750,92.062500,92.125000
91282CKZ3,MARKET BASED NOTE,0.04375,07/15/2027,,102.250000,102.250000,102.312500
91282CFB2,MARKET BASED NOTE,0.0275,07/31/2027,,97.890625,97.875000,97.968750
91282CAD3,MARKET BASED NOTE,0.00375,07/31/2027,,91.546875,91.531250,91.593750
9128282R0,MARKET BASED NOTE,0.0225,08/15/2027,,96.515625,96.500000,96.562500
91282CLG4,MARKET BASED NOTE,0.0375,08/15/2027,,100.625000,100.625000,100.687500
91282CFH9,MARKET BASED NOTE,0.03125,08/31/2027,,98.890625,98.875000,98.968750
91282CAH4,MARKET BASED NOTE,0.005,08/31/2027,,91.656250,91.625000,91.687500
91282CLL3,MARKET BASED NOTE,0.03375,09/15/2027,,99.625000,99.625000,99.718750
91282CFM8,MARKET BASED NOTE,0.04125,09/30/2027,,101.765625,101.750000,101.812500
91282CAL5,MARKET BASED NOTE,0.00375,09/30/2027,,91.078125,91.062500,91.125000
91282CAU5,MARKET BASED NOTE,0.005,10/31/2027,,91.187500,91.156250,91.250000
91282CFU0,MARKET BASED NOTE,0.04125,10/31/2027,,101.765625,101.750000,101.812500
9128283F5,MARKET BASED NOTE,0.0225,11/15/2027,,96.234375,96.187500,96.281250
91282CAY7,MARKET BASED NOTE,0.00625,11/30/2027,,91.359375,91.343750,91.406250
91282CFZ9,MARKET BASED NOTE,0.03875,11/30/2027,,101.046875,101.031250,101.125000
91282CGC9,MARKET BASED NOTE,0.03875,12/31/2027,,101.125000,101.093750,101.187500
91282CBB6,MARKET BASED NOTE,0.00625,12/31/2027,,91.140625,91.125000,91.187500
91282CBJ9,MARKET BASED NOTE,0.0075,01/31/2028,,91.296875,91.281250,91.375000
91282CGH8,MARKET BASED NOTE,0.035,01/31/2028,,99.921875,99.906250,100.000000
9128283W8,MARKET BASED NOTE,0.0275,02/15/2028,,97.500000,97.468750,97.562500
91282CBP5,MARKET BASED NOTE,0.01125,02/29/2028,,92.281250,92.250000,92.343750
91282CGP0,MARKET BASED NOTE,0.04,02/29/2028,,101.531250,101.500000,101.593750
91282CGT2,MARKET BASED NOTE,0.03625,03/31/2028,,100.359375,100.343750,100.437500
91282CBS9,MARKET BASED NOTE,0.0125,03/31/2028,,92.515625,92.500000,92.593750
91282CBZ3,MARKET BASED NOTE,0.0125,04/30/2028,,92.328125,92.312500,92.406250
91282CHA2,MARKET BASED NOTE,0.035,04/30/2028,,99.906250,99.906250,100.000000
9128284N7,MARKET BASED NOTE,0.02875,05/15/2028,,97.734375,97.687500,97.812500
91282CCE9,MARKET BASED NOTE,0.0125,05/31/2028,,92.156250,92.125000,92.218750
91282CHE4,MARKET BASED NOTE,0.03625,05/31/2028,,100.328125,100.312500,100.406250
91282CHK0,MARKET BASED NOTE,0.04,06/30/2028,,101.656250,101.625000,101.750000
91282CCH2,MARKET BASED NOTE,0.0125,06/30/2028,,92.000000,91.968750,92.062500
91282CCR0,MARKET BASED NOTE,0.01,07/31/2028,,90.937500,90.906250,91.031250
91282CHQ7,MARKET BASED NOTE,0.04125,07/31/2028,,102.109375,102.093750,102.218750
9128284V9,MARKET BASED NOTE,0.02875,08/15/2028,,97.593750,97.562500,97.656250
91282CCV1,MARKET BASED NOTE,0.01125,08/31/2028,,91.218750,91.187500,91.281250
91282CHX2,MARKET BASED NOTE,0.04375,08/31/2028,,103.046875,103.031250,103.156250
91282CJA0,MARKET BASED NOTE,0.04625,09/30/2028,,104.046875,104.031250,104.125000
91282CCY5,MARKET BASED NOTE,0.0125,09/30/2028,,91.468750,91.437500,91.562500
91282CDF5,MARKET BASED NOTE,0.01375,10/31/2028,,91.796875,91.781250,91.875000
91282CJF9,MARKET BASED NOTE,0.04875,10/31/2028,,105.046875,105.031250,105.156250
9128285M8,MARKET BASED NOTE,0.03125,11/15/2028,,98.375000,98.343750,98.437500
91282CDL2,MARKET BASED NOTE,0.015,11/30/2028,,92.125000,92.093750,92.218750
91282CJN2,MARKET BASED NOTE,0.04375,11/30/2028,,103.234375,103.218750,103.312500
91282CJR3,MARKET BASED NOTE,0.0375,12/31/2028,,100.828125,100.812500,100.937500
91282CDP3,MARKET BASED NOTE,0.01375,12/31/2028,,91.515625,91.500000,91.593750
91282CDW8,MARKET BASED NOTE,0.0175,01/31/2029,,92.812500,92.781250,92.906250
91282CJW2,MARKET BASED NOTE,0.04,01/31/2029,,101.859375,101.843750,101.937500
9128286B1,MARKET BASED NOTE,0.02625,02/15/2029,,96.250000,96.218750,96.343750
91282CKD2,MARKET BASED NOTE,0.0425,02/28/2029,,102.921875,102.906250,103.031250
91282CEB3,MARKET BASED NOTE,0.01875,02/28/2029,,93.187500,93.156250,93.281250
91282CEE7,MARKET BASED NOTE,0.02375,03/31/2029,,95.125000,95.093750,95.218750
91282CKG5,MARKET BASED NOTE,0.04125,03/31/2029,,102.421875,102.406250,102.531250
91282CKP5,MARKET BASED NOTE,0.04625,04/30/2029,,104.578125,104.562500,104.687500
91282CEM9,MARKET BASED NOTE,0.02875,04/30/2029,,97.140625,97.125000,97.218750
9128286T2,MARKET BASED NOTE,0.02375,05/15/2029,,95.000000,94.968750,95.093750
91282CES6,MARKET BASED NOTE,0.0275,05/31/2029,,96.562500,96.531250,96.656250
91282CKT7,MARKET BASED NOTE,0.045,05/31/2029,,104.140625,104.125000,104.250000
91282CEV9,MARKET BASED NOTE,0.0325,06/30/2029,,98.656250,98.625000,98.750000
91282CKX8,MARKET BASED NOTE,0.0425,06/30/2029,,103.062500,103.062500,103.187500
91282CLC3,MARKET BASED NOTE,0.04,07/31/2029,,102.031250,102.031250,102.156250
91282CFC0,MARKET BASED NOTE,0.02625,07/31/2029,,95.859375,95.843750,95.968750
912828YB0,MARKET BASED NOTE,0.01625,08/15/2029,,91.546875,91.468750,91.593750
91282CFJ5,MARKET BASED NOTE,0.03125,08/31/2029,,98.046875,98.031250,98.156250
91282CLK5,MARKET BASED NOTE,0.03625,08/31/2029,,100.421875,100.406250,100.531250
91282CFL0,MARKET BASED NOTE,0.03875,09/30/2029,,101.406250,101.375000,101.531250
91282CFT3,MARKET BASED NOTE,0.04,10/31/2029,,101.984375,101.968750,102.093750
912828YS3,MARKET BASED NOTE,0.0175,11/15/2029,,91.656250,91.593750,91.718750
91282CFY2,MARKET BASED NOTE,0.03875,11/30/2029,,101.421875,101.406250,101.531250
91282CGB1,MARKET BASED NOTE,0.03875,12/31/2029,,101.406250,101.375000,101.531250
91282CGJ4,MARKET BASED NOTE,0.035,01/31/2030,,99.609375,99.593750,99.718750
912828Z94,MARKET BASED NOTE,0.015,02/15/2030,,89.875000,89.843750,89.968750
91282CGQ8,MARKET BASED NOTE,0.04,02/28/2030,,102.046875,102.031250,102.156250
91282CGS4,MARKET BASED NOTE,0.03625,03/31/2030,,100.171875,100.156250,100.312500
91282CGZ8,MARKET BASED NOTE,0.035,04/30/2030,,99.546875,99.531250,99.687500
912828ZQ6,MARKET BASED NOTE,0.00625,05/15/2030,,84.984375,84.937500,85.062500
91282CHF1,MARKET BASED NOTE,0.0375,05/31/2030,,100.765625,100.750000,100.906250
91282CHJ3,MARKET BASED NOTE,0.0375,06/30/2030,,100.765625,100.750000,100.906250
91282CHR5,MARKET BASED NOTE,0.04,07/31/2030,,102.046875,102.031250,102.187500
91282CAE1,MARKET BASED NOTE,0.00625,08/15/2030,,84.328125,84.281250,84.406250
91282CHW4,MARKET BASED NOTE,0.04125,08/31/2030,,102.718750,102.687500,102.875000
91282CHZ7,MARKET BASED NOTE,0.04625,09/30/2030,,105.437500,105.406250,105.593750
91282CJG7,MARKET BASED NOTE,0.04875,10/31/2030,,106.843750,106.812500,107.000000
91282CAV3,MARKET BASED NOTE,0.00875,11/15/2030,,85.093750,85.062500,85.187500
91282CJM4,MARKET BASED NOTE,0.04375,11/30/2030,,104.109375,104.093750,104.281250
91282CJQ5,MARKET BASED NOTE,0.0375,12/31/2030,,100.671875,100.656250,100.843750
91282CJX0,MARKET BASED NOTE,0.04,01/31/2031,,102.078125,102.062500,102.218750
91282CBL4,MARKET BASED NOTE,0.01125,02/15/2031,,86.031250,86.000000,86.125000
91282CKC4,MARKET BASED NOTE,0.0425,02/28/2031,,103.515625,103.500000,103.687500
91282CKF7,MARKET BASED NOTE,0.04125,03/31/2031,,102.828125,102.812500,103.000000
91282CKN0,MARKET BASED NOTE,0.04625,04/30/2031,,105.765625,105.750000,105.937500
91282CCB5,MARKET BASED NOTE,0.01625,05/15/2031,,88.187500,88.156250,88.312500
91282CKU4,MARKET BASED NOTE,0.04625,05/31/2031,,105.765625,105.750000,105.968750
91282CKW0,MARKET BASED NOTE,0.0425,06/30/2031,,103.640625,103.625000,103.812500
91282CLD1,MARKET BASED NOTE,0.04125,07/31/2031,,102.890625,102.875000,103.062500
91282CCS8,MARKET BASED NOTE,0.0125,08/15/2031,,85.453125,85.437500,85.593750
91282CLJ8,MARKET BASED NOTE,0.0375,08/31/2031,,100.625000,100.625000,100.781250
91282CDJ7,MARKET BASED NOTE,0.01375,11/15/2031,,85.703125,85.687500,85.843750
91282CDY4,MARKET BASED NOTE,0.01875,02/15/2032,,88.359375,88.343750,88.531250
91282CEP2,MARKET BASED NOTE,0.02875,05/15/2032,,94.625000,94.593750,94.781250
91282CFF3,MARKET BASED NOTE,0.0275,08/15/2032,,93.531250,93.500000,93.718750
91282CFV8,MARKET BASED NOTE,0.04125,11/15/2032,,102.984375,102.968750,103.187500
91282CGM7,MARKET BASED NOTE,0.035,02/15/2033,,98.421875,98.406250,98.625000
91282CHC8,MARKET BASED NOTE,0.03375,05/15/2033,,97.390625,97.375000,97.593750
91282CHT1,MARKET BASED NOTE,0.03875,08/15/2033,,100.984375,100.968750,101.187500
91282CJJ1,MARKET BASED NOTE,0.045,11/15/2033,,105.765625,105.750000,106.000000
91282CJZ5,MARKET BASED NOTE,0.04,02/15/2034,,101.859375,101.843750,102.093750
91282CKQ3,MARKET BASED NOTE,0.04375,05/15/2034,,104.859375,104.843750,105.125000
91282CLF6,MARKET BASED NOTE,0.03875,08/15/2034,,100.812500,100.812500,101.062500
912810ES3,MARKET BASED BOND,0.075,11/15/2024,,0.000000,100.156250,100.156250
912810ET1,MARKET BASED BOND,0.07625,02/15/2025,,0.000000,101.187500,101.187500
912810EV6,MARKET BASED BOND,0.06875,08/15/2025,,102.921875,102.687500,102.718750
912810EW4,MARKET BASED BOND,0.06,02/15/2026,,103.312500,103.000000,103.031250
912810EX2,MARKET BASED BOND,0.0675,08/15/2026,,106.015625,105.750000,105.812500
912810EY0,MARKET BASED BOND,0.065,11/15/2026,,106.656250,106.343750,106.375000
912810EZ7,MARKET BASED BOND,0.06625,02/15/2027,,107.484375,107.187500,107.281250
912810FA1,MARKET BASED BOND,0.06375,08/15/2027,,107.984375,107.750000,107.843750
912810FB9,MARKET BASED BOND,0.06125,11/15/2027,,107.781250,107.625000,107.718750
912810FE3,MARKET BASED BOND,0.055,08/15/2028,,107.468750,107.281250,107.375000
912810FF0,MARKET BASED BOND,0.0525,11/15/2028,,106.656250,106.500000,106.625000
912810FG8,MARKET BASED BOND,0.0525,02/15/2029,,107.265625,107.031250,107.187500
912810FJ2,MARKET BASED BOND,0.06125,08/15/2029,,111.531250,111.375000,111.531250
912810FM5,MARKET BASED BOND,0.0625,05/15/2030,,113.468750,113.281250,113.437500
912810FP8,MARKET BASED BOND,0.05375,02/15/2031,,110.296875,110.062500,110.218750
912810FT0,MARKET BASED BOND,0.045,02/15/2036,,107.328125,107.218750,107.531250
912810PT9,MARKET BASED BOND,0.0475,02/15/2037,,109.453125,109.312500,109.656250
912810PU6,MARKET BASED BOND,0.05,05/15/2037,,111.921875,111.781250,112.125000
912810PW2,MARKET BASED BOND,0.04375,02/15/2038,,105.546875,105.437500,105.812500
912810PX0,MARKET BASED BOND,0.045,05/15/2038,,106.734375,106.625000,106.968750
912810QA9,MARKET BASED BOND,0.035,02/15/2039,,95.625000,95.531250,95.875000
912810QB7,MARKET BASED BOND,0.0425,05/15/2039,,103.546875,103.468750,103.843750
912810QC5,MARKET BASED BOND,0.045,08/15/2039,,106.234375,106.156250,106.562500
912810QD3,MARKET BASED BOND,0.04375,11/15/2039,,104.796875,104.750000,105.156250
912810QE1,MARKET BASED BOND,0.04625,02/15/2040,,107.640625,107.593750,108.000000
912810SR0,MARKET BASED BOND,0.01125,05/15/2040,,66.125000,66.031250,66.343750
912810QH4,MARKET BASED BOND,0.04375,05/15/2040,,104.750000,104.656250,105.093750
912810QK7,MARKET BASED BOND,0.03875,08/15/2040,,98.750000,98.656250,99.062500
912810SQ2,MARKET BASED BOND,0.01125,08/15/2040,,65.546875,65.468750,65.781250
912810ST6,MARKET BASED BOND,0.01375,11/15/2040,,67.859375,67.781250,68.125000
912810QL5,MARKET BASED BOND,0.0425,11/15/2040,,103.171875,103.093750,103.500000
912810QN1,MARKET BASED BOND,0.0475,02/15/2041,,109.187500,109.093750,109.531250
912810SW9,MARKET BASED BOND,0.01875,02/15/2041,,73.406250,73.312500,73.656250
912810SY5,MARKET BASED BOND,0.0225,05/15/2041,,77.578125,77.500000,77.843750
912810QQ4,MARKET BASED BOND,0.04375,05/15/2041,,104.562500,104.468750,104.906250
912810QS0,MARKET BASED BOND,0.0375,08/15/2041,,96.609375,96.531250,96.937500
912810TA6,MARKET BASED BOND,0.0175,08/15/2041,,70.953125,70.875000,71.218750
912810TC2,MARKET BASED BOND,0.02,11/15/2041,,73.609375,73.531250,73.875000
912810QT8,MARKET BASED BOND,0.03125,11/15/2041,,88.484375,88.406250,88.781250
912810QU5,MARKET BASED BOND,0.03125,02/15/2042,,88.031250,87.968750,88.343750
912810TF5,MARKET BASED BOND,0.02375,02/15/2042,,77.937500,77.875000,78.218750
912810TH1,MARKET BASED BOND,0.0325,05/15/2042,,88.859375,88.812500,89.218750
912810QW1,MARKET BASED BOND,0.03,05/15/2042,,85.875000,85.812500,86.187500
912810QX9,MARKET BASED BOND,0.0275,08/15/2042,,82.328125,82.250000,82.625000
912810TK4,MARKET BASED BOND,0.03375,08/15/2042,,90.296875,90.250000,90.625000
912810TM0,MARKET BASED BOND,0.04,11/15/2042,,98.468750,98.437500,98.812500
912810QY7,MARKET BASED BOND,0.0275,11/15/2042,,82.031250,81.968750,82.343750
912810QZ4,MARKET BASED BOND,0.03125,02/15/2043,,86.625000,86.562500,86.906250
912810TQ1,MARKET BASED BOND,0.03875,02/15/2043,,96.546875,96.500000,96.906250
912810TS7,MARKET BASED BOND,0.03875,05/15/2043,,96.406250,96.375000,96.750000
912810RB6,MARKET BASED BOND,0.02875,05/15/2043,,83.140625,83.062500,83.406250
912810RC4,MARKET BASED BOND,0.03625,08/15/2043,,92.812500,92.750000,93.125000
912810TU2,MARKET BASED BOND,0.04375,08/15/2043,,103.031250,103.000000,103.375000
912810TW8,MARKET BASED BOND,0.0475,11/15/2043,,108.125000,108.093750,108.500000
912810RD2,MARKET BASED BOND,0.0375,11/15/2043,,94.375000,94.312500,94.687500
912810RE0,MARKET BASED BOND,0.03625,02/15/2044,,92.562500,92.500000,92.875000
912810TZ1,MARKET BASED BOND,0.045,02/15/2044,,104.531250,104.500000,104.906250
912810UB2,MARKET BASED BOND,0.04625,05/15/2044,,106.203125,106.187500,106.562500
912810RG5,MARKET BASED BOND,0.03375,05/15/2044,,89.156250,89.093750,89.406250
912810RH3,MARKET BASED BOND,0.03125,08/15/2044,,85.640625,85.593750,85.906250
912810UD8,MARKET BASED BOND,0.04125,08/15/2044,,99.578125,99.562500,99.937500
912810RJ9,MARKET BASED BOND,0.03,11/15/2044,,83.765625,83.718750,84.031250
912810RK6,MARKET BASED BOND,0.025,02/15/2045,,76.750000,76.687500,77.000000
912810RM2,MARKET BASED BOND,0.03,05/15/2045,,83.500000,83.437500,83.781250
912810RN0,MARKET BASED BOND,0.02875,08/15/2045,,81.640625,81.562500,81.937500
912810RP5,MARKET BASED BOND,0.03,11/15/2045,,83.296875,83.218750,83.562500
912810RQ3,MARKET BASED BOND,0.025,02/15/2046,,75.968750,75.906250,76.218750
912810RS9,MARKET BASED BOND,0.025,05/15/2046,,75.703125,75.625000,75.968750
912810RT7,MARKET BASED BOND,0.0225,08/15/2046,,71.953125,71.875000,72.218750
912810RU4,MARKET BASED BOND,0.02875,11/15/2046,,80.781250,80.718750,81.062500
912810RV2,MARKET BASED BOND,0.03,02/15/2047,,82.359375,82.312500,82.656250
912810RX8,MARKET BASED BOND,0.03,05/15/2047,,82.187500,82.125000,82.468750
912810RY6,MARKET BASED BOND,0.0275,08/15/2047,,78.296875,78.250000,78.625000
912810RZ3,MARKET BASED BOND,0.0275,11/15/2047,,78.171875,78.125000,78.468750
912810SA7,MARKET BASED BOND,0.03,02/15/2048,,81.640625,81.593750,81.937500
912810SC3,MARKET BASED BOND,0.03125,05/15/2048,,83.375000,83.343750,83.687500
912810SD1,MARKET BASED BOND,0.03,08/15/2048,,81.328125,81.281250,81.625000
912810SE9,MARKET BASED BOND,0.03375,11/15/2048,,86.921875,86.875000,87.218750
912810SF6,MARKET BASED BOND,0.03,02/15/2049,,81.187500,81.125000,81.500000
912810SH2,MARKET BASED BOND,0.02875,05/15/2049,,79.203125,79.156250,79.500000
912810SJ8,MARKET BASED BOND,0.0225,08/15/2049,,69.484375,69.437500,69.781250
912810SK5,MARKET BASED BOND,0.02375,11/15/2049,,71.265625,71.218750,71.562500
912810SL3,MARKET BASED BOND,0.02,02/15/2050,,65.390625,65.343750,65.656250
912810SN9,MARKET BASED BOND,0.0125,05/15/2050,,53.734375,53.687500,53.968750
912810SP4,MARKET BASED BOND,0.01375,08/15/2050,,55.328125,55.281250,55.562500
912810SS8,MARKET BASED BOND,0.01625,11/15/2050,,59.046875,59.000000,59.281250
912810SU3,MARKET BASED BOND,0.01875,02/15/2051,,62.890625,62.843750,63.156250
912810SX7,MARKET BASED BOND,0.02375,05/15/2051,,70.734375,70.687500,71.031250
912810SZ2,MARKET BASED BOND,0.02,08/15/2051,,64.640625,64.593750,64.906250
912810TB4,MARKET BASED BOND,0.01875,11/15/2051,,62.515625,62.468750,62.812500
912810TD0,MARKET BASED BOND,0.0225,02/15/2052,,68.500000,68.468750,68.781250
912810TG3,MARKET BASED BOND,0.02875,05/15/2052,,78.546875,78.500000,78.906250
912810TJ7,MARKET BASED BOND,0.03,08/15/2052,,80.671875,80.625000,81.031250
912810TL2,MARKET BASED BOND,0.04,11/15/2052,,97.500000,97.468750,97.906250
912810TN8,MARKET BASED BOND,0.03625,02/15/2053,,91.187500,91.156250,91.593750
912810TR9,MARKET BASED BOND,0.03625,05/15/2053,,91.281250,91.250000,91.687500
912810TT5,MARKET BASED BOND,0.04125,08/15/2053,,99.796875,99.781250,100.218750
912810TV0,MARKET BASED BOND,0.0475,11/15/2053,,110.656250,110.625000,111.156250
912810TX6,MARKET BASED BOND,0.0425,02/15/2054,,102.093750,102.062500,102.562500
912810UA4,MARKET BASED BOND,0.04625,05/15/2054,,108.671875,108.656250,109.125000
912810UC0,MARKET BASED BOND,0.0425,08/15/2054,,102.312500,102.312500,102.781250
912828YL8,TIPS,0.00125,10/15/2024,,0.000000,99.750000,99.781250
912828H45,TIPS,0.0025,01/15/2025,,0.000000,98.656250,98.656250
912810FR4,TIPS,0.02375,01/15/2025,,0.000000,99.312500,99.281250
912828ZJ2,TIPS,0.00125,04/15/2025,,98.187500,98.156250,98.156250
912828XL9,TIPS,0.00375,07/15/2025,,98.562500,98.531250,98.531250
91282CAQ4,TIPS,0.00125,10/15/2025,,98.109375,98.093750,98.093750
912828N71,TIPS,0.00625,01/15/2026,,98.140625,98.125000,98.125000
912810FS2,TIPS,0.02,01/15/2026,,99.875000,99.843750,99.843750
91282CCA7,TIPS,0.00125,04/15/2026,,97.218750,97.187500,97.218750
912828S50,TIPS,0.00125,07/15/2026,,97.578125,97.562500,97.562500
91282CDC2,TIPS,0.00125,10/15/2026,,97.281250,97.250000,97.281250
912828V49,TIPS,0.00375,01/15/2027,,97.250000,97.218750,97.250000
912810PS1,TIPS,0.02375,01/15/2027,,101.734375,101.687500,101.750000
91282CEJ6,TIPS,0.00125,04/15/2027,,96.328125,96.312500,96.343750
9128282L3,TIPS,0.00375,07/15/2027,,97.281250,97.250000,97.312500
91282CFR7,TIPS,0.01625,10/15/2027,,100.765625,100.750000,100.781250
9128283R9,TIPS,0.005,01/15/2028,,96.906250,96.875000,96.937500
912810PV4,TIPS,0.0175,01/15/2028,,100.906250,100.875000,100.937500
912810FD5,TIPS,0.03625,04/15/2028,,107.296875,107.250000,107.312500
91282CGW5,TIPS,0.0125,04/15/2028,,99.140625,99.125000,99.187500
912828Y38,TIPS,0.0075,07/15/2028,,97.843750,97.812500,97.906250
91282CJH5,TIPS,0.02375,10/15/2028,,103.937500,103.906250,104.000000
9128285W6,TIPS,0.00875,01/15/2029,,97.687500,97.656250,97.750000
912810PZ5,TIPS,0.025,01/15/2029,,104.390625,104.343750,104.437500
912810FH6,TIPS,0.03875,04/15/2029,,110.500000,110.437500,110.562500
91282CKL4,TIPS,0.02125,04/15/2029,,102.859375,102.843750,102.937500
9128287D6,TIPS,0.0025,07/15/2029,,94.906250,94.875000,95.000000
912828Z37,TIPS,0.00125,01/15/2030,,93.312500,93.281250,93.406250
912828ZZ6,TIPS,0.00125,07/15/2030,,93.000000,92.968750,93.125000
91282CBF7,TIPS,0.00125,01/15/2031,,91.906250,91.875000,92.031250
91282CCM1,TIPS,0.00125,07/15/2031,,91.500000,91.468750,91.625000
91282CDX6,TIPS,0.00125,01/15/2032,,90.375000,90.343750,90.531250
912810FQ6,TIPS,0.03375,04/15/2032,,113.046875,112.968750,113.156250
91282CEZ0,TIPS,0.00625,07/15/2032,,93.562500,93.531250,93.750000
91282CGK1,TIPS,0.01125,01/15/2033,,96.468750,96.437500,96.656250
91282CHP9,TIPS,0.01375,07/15/2033,,98.484375,98.468750,98.687500
91282CJY8,TIPS,0.0175,01/15/2034,,101.078125,101.062500,101.312500
91282CLE9,TIPS,0.01875,07/15/2034,,102.421875,102.406250,102.656250
912810QF8,TIPS,0.02125,02/15/2040,,104.296875,104.187500,104.562500
912810QP6,TIPS,0.02125,02/15/2041,,104.531250,104.437500,104.812500
912810QV3,TIPS,0.0075,02/15/2042,,83.265625,83.156250,83.531250
912810RA8,TIPS,0.00625,02/15/2043,,80.031250,79.937500,80.375000
912810RF7,TIPS,0.01375,02/15/2044,,91.093750,91.000000,91.437500
912810RL4,TIPS,0.0075,02/15/2045,,79.953125,79.875000,80.250000
912810RR1,TIPS,0.01,02/15/2046,,83.359375,83.281250,83.687500
912810RW0,TIPS,0.00875,02/15/2047,,80.406250,80.312500,80.750000
912810SB5,TIPS,0.01,02/15/2048,,82.187500,82.093750,82.562500
912810SG4,TIPS,0.01,02/15/2049,,81.625000,81.531250,82.000000
912810SM1,TIPS,0.0025,02/15/2050,,66.390625,66.312500,66.718750
912810SV1,TIPS,0.00125,02/15/2051,,63.250000,63.156250,63.593750
912810TE8,TIPS,0.00125,02/15/2052,,62.390625,62.312500,62.750000
912810TP3,TIPS,0.015,02/15/2053,,90.375000,90.312500,90.875000
912810TY4,TIPS,0.02125,02/15/2054,,103.984375,103.937500,104.531250
91282CFS5,MARKET BASED FRN,0.05030188344,10/31/2024,,0.000000,99.983000,99.987483
91282CGF2,MARKET BASED FRN,0.050911881,01/31/2025,,99.991464,99.980842,99.982612
91282CGY1,MARKET BASED FRN,0.05059671474,04/30/2025,,99.967134,99.957929,99.956742
91282CHS3,MARKET BASED FRN,0.05014938222,07/31/2025,,99.924716,99.907949,99.918427
91282CJD4,MARKET BASED FRN,0.050606882219999996,10/31/2025,,99.931118,99.920319,99.898727
91282CJU6,MARKET BASED FRN,0.051369381,01/31/2026,,100.005710,99.993180,99.972742
91282CKM2,MARKET BASED FRN,0.05040354726,04/30/2026,,99.876095,99.829720,99.860626
91282CLA7,MARKET BASED FRN,0.050728881,07/31/2026,,99.870493,99.848270,99.852713
